{"cameraMode":{"drawMode":0,"name":"Shaded","section":"Shading Mode"},"sceneLighting":true,"audioPlay":false,"sceneViewState":{"showFog":true,"showMaterialUpdate":false,"showSkybox":true,"showFlares":true,"showImageEffects":true,"showParticleSystems":true},"in2DMode":false,"pivot":{"x":419.1025390625,"y":6.824646472930908,"z":112.81859588623047},"rotation":{"x":-0.16667209565639497,"y":0.05527608469128609,"z":-0.009318135678768158,"w":-0.9844603538513184},"size":832.8102416992188,"orthographic":false}