{"cameraMode":{"drawMode":0,"name":"Shaded","section":"Shading Mode"},"sceneLighting":true,"audioPlay":false,"sceneViewState":{"showFog":true,"showMaterialUpdate":false,"showSkybox":true,"showFlares":true,"showImageEffects":true,"showParticleSystems":true},"in2DMode":false,"pivot":{"x":-17.293331146240236,"y":3.4184012413024904,"z":2.7438297271728517},"rotation":{"x":-0.052798084914684299,"y":0.8403785228729248,"z":-0.08321484178304672,"w":-0.5329985618591309},"size":15.87390422821045,"orthographic":false}