{"cameraMode":{"drawMode":0,"name":"Shaded","section":"Shading Mode"},"sceneLighting":true,"audioPlay":false,"sceneViewState":{"showFog":true,"showMaterialUpdate":false,"showSkybox":true,"showFlares":true,"showImageEffects":true,"showParticleSystems":true},"in2DMode":false,"pivot":{"x":14.154315948486329,"y":2.02276611328125,"z":5.095389366149902},"rotation":{"x":0.3945820927619934,"y":-0.5777580738067627,"z":0.3747651278972626,"w":0.6083818674087524},"size":13.004861831665039,"orthographic":false}