{"cameraMode":{"drawMode":0,"name":"Shaded","section":"Shading Mode"},"sceneLighting":true,"audioPlay":false,"sceneViewState":{"showFog":true,"showMaterialUpdate":false,"showSkybox":true,"showFlares":true,"showImageEffects":true,"showParticleSystems":true},"in2DMode":false,"pivot":{"x":7.12866735458374,"y":1.0196707248687745,"z":2.737858295440674},"rotation":{"x":0.10998467355966568,"y":-0.6243643760681152,"z":0.08939412236213684,"w":0.7681768536567688},"size":708.0034790039063,"orthographic":false}