{"cameraMode":{"drawMode":0,"name":"Shaded","section":"Shading Mode"},"sceneLighting":true,"audioPlay":false,"sceneViewState":{"showFog":true,"showMaterialUpdate":false,"showSkybox":true,"showFlares":true,"showImageEffects":true,"showParticleSystems":true},"in2DMode":false,"pivot":{"x":0.03299999237060547,"y":0.7969999313354492,"z":9.597000122070313},"rotation":{"x":-0.09773443639278412,"y":0.7103572487831116,"z":-0.10059207677841187,"w":-0.6897873878479004},"size":0.9375032186508179,"orthographic":false}