{"cameraMode":{"drawMode":0,"name":"Shaded","section":"Shading Mode"},"sceneLighting":true,"audioPlay":false,"sceneViewState":{"showFog":true,"showMaterialUpdate":false,"showSkybox":true,"showFlares":true,"showImageEffects":true,"showParticleSystems":true},"in2DMode":false,"pivot":{"x":330.00079345703127,"y":128.94052124023438,"z":-4.5102434158325199},"rotation":{"x":0.012309103272855282,"y":-0.007188685238361359,"z":0.00008877066284185275,"w":0.9999001622200012},"size":194.31982421875,"orthographic":false}