{"cameraMode":{"drawMode":0,"name":"Shaded","section":"Shading Mode"},"sceneLighting":true,"audioPlay":false,"sceneViewState":{"showFog":true,"showMaterialUpdate":false,"showSkybox":true,"showFlares":true,"showImageEffects":true,"showParticleSystems":true},"in2DMode":false,"pivot":{"x":15.208413124084473,"y":8.397765159606934,"z":-6.312651634216309},"rotation":{"x":-0.22573071718215943,"y":0.3745490610599518,"z":-0.09449149668216706,"w":-0.8943774700164795},"size":-5.207845687866211,"orthographic":false}