{"cameraMode":{"drawMode":0,"name":"Shaded","section":"Shading Mode"},"sceneLighting":true,"audioPlay":false,"sceneViewState":{"showFog":true,"showMaterialUpdate":false,"showSkybox":true,"showFlares":true,"showImageEffects":true,"showParticleSystems":true},"in2DMode":false,"pivot":{"x":-2.4762306213378908,"y":-3.265817642211914,"z":6.045022964477539},"rotation":{"x":-0.05106472969055176,"y":0.9444774985313416,"z":-0.2718033790588379,"w":-0.17744792997837068},"size":5.486300945281982,"orthographic":false}