{"cameraMode":{"drawMode":0,"name":"Shaded","section":"Shading Mode"},"sceneLighting":true,"audioPlay":false,"sceneViewState":{"showFog":true,"showMaterialUpdate":false,"showSkybox":true,"showFlares":true,"showImageEffects":true,"showParticleSystems":true},"in2DMode":false,"pivot":{"x":2.209660530090332,"y":1.1688778400421143,"z":6.288253307342529},"rotation":{"x":-0.2964487075805664,"y":0.3228171467781067,"z":-0.10722541809082031,"w":-0.8924326300621033},"size":14.212668418884278,"orthographic":false}