{"cameraMode":{"drawMode":0,"name":"Shaded","section":"Shading Mode"},"sceneLighting":true,"audioPlay":false,"sceneViewState":{"showFog":true,"showMaterialUpdate":false,"showSkybox":true,"showFlares":true,"showImageEffects":true,"showParticleSystems":true},"in2DMode":false,"pivot":{"x":0.16038715839385987,"y":2.3091254234313967,"z":-5.943519115447998},"rotation":{"x":0.290457546710968,"y":-0.0813908576965332,"z":0.024804415181279184,"w":0.9530983567237854},"size":0.8660253882408142,"orthographic":false}