{"cameraMode":{"drawMode":0,"name":"Shaded","section":"Shading Mode"},"sceneLighting":true,"audioPlay":false,"sceneViewState":{"showFog":true,"showMaterialUpdate":false,"showSkybox":true,"showFlares":true,"showImageEffects":true,"showParticleSystems":true},"in2DMode":false,"pivot":{"x":199.72352600097657,"y":59.703285217285159,"z":58.22527313232422},"rotation":{"x":0.3559519648551941,"y":0.49443989992141726,"z":-0.2322055846452713,"w":0.7583556771278381},"size":220.86782836914063,"orthographic":false}