{"cameraMode":{"drawMode":0,"name":"Shaded","section":"Shading Mode"},"sceneLighting":true,"audioPlay":false,"sceneViewState":{"showFog":true,"showMaterialUpdate":false,"showSkybox":true,"showFlares":true,"showImageEffects":true,"showParticleSystems":true},"in2DMode":false,"pivot":{"x":54.0655403137207,"y":0.7309190034866333,"z":28.257753372192384},"rotation":{"x":0.11680613458156586,"y":0.4286203682422638,"z":-0.055992163717746738,"w":0.8941519260406494},"size":157.77923583984376,"orthographic":true}