{"cameraMode":{"drawMode":0,"name":"Shaded","section":"Shading Mode"},"sceneLighting":true,"audioPlay":false,"sceneViewState":{"showFog":true,"showMaterialUpdate":false,"showSkybox":true,"showFlares":true,"showImageEffects":true,"showParticleSystems":true},"in2DMode":false,"pivot":{"x":60.03193664550781,"y":-6.994021415710449,"z":22.8664608001709},"rotation":{"x":0.03895656019449234,"y":0.94627845287323,"z":-0.2976319491863251,"w":0.12216642498970032},"size":28.62439727783203,"orthographic":false}