{"cameraMode":{"drawMode":0,"name":"Shaded","section":"Shading Mode"},"sceneLighting":true,"audioPlay":false,"sceneViewState":{"showFog":true,"showMaterialUpdate":false,"showSkybox":true,"showFlares":true,"showImageEffects":true,"showParticleSystems":true},"in2DMode":false,"pivot":{"x":141.86427307128907,"y":36.3502197265625,"z":109.98291015625},"rotation":{"x":0.03511374071240425,"y":-0.9617643356323242,"z":0.2289266735315323,"w":0.14685460925102235},"size":302.0522766113281,"orthographic":false}