{"cameraMode":{"drawMode":0,"name":"Shaded","section":"Shading Mode"},"sceneLighting":false,"audioPlay":false,"sceneViewState":{"showFog":true,"showMaterialUpdate":false,"showSkybox":false,"showFlares":true,"showImageEffects":true,"showParticleSystems":true},"in2DMode":false,"pivot":{"x":-0.08013021945953369,"y":0.45212507247924807,"z":-0.007502749562263489},"rotation":{"x":0.007497268728911877,"y":0.02609812282025814,"z":-0.00019484592485241592,"w":0.999632716178894},"size":2.6502115726470949,"orthographic":true}