{"cameraMode":{"drawMode":0,"name":"Shaded","section":"Shading Mode"},"sceneLighting":true,"audioPlay":false,"sceneViewState":{"showFog":true,"showMaterialUpdate":false,"showSkybox":true,"showFlares":true,"showImageEffects":true,"showParticleSystems":true},"in2DMode":false,"pivot":{"x":500.0941162109375,"y":355.5286865234375,"z":127.87528228759766},"rotation":{"x":-0.15029917657375337,"y":-0.02164093218743801,"z":-0.003163055283948779,"w":0.9885001182556152},"size":684.1978759765625,"orthographic":false}