{"cameraMode":{"drawMode":0,"name":"Shaded","section":"Shading Mode"},"sceneLighting":true,"audioPlay":false,"sceneViewState":{"showFog":true,"showMaterialUpdate":false,"showSkybox":true,"showFlares":true,"showImageEffects":true,"showParticleSystems":true},"in2DMode":false,"pivot":{"x":1020.155517578125,"y":569.4407348632813,"z":237.83392333984376},"rotation":{"x":0.007497268728911877,"y":0.02609812282025814,"z":-0.00019484592485241592,"w":0.999632716178894},"size":1208.980224609375,"orthographic":true}