{"cameraMode":{"drawMode":0,"name":"Shaded","section":"Shading Mode"},"sceneLighting":true,"audioPlay":false,"sceneViewState":{"showFog":true,"showMaterialUpdate":false,"showSkybox":true,"showFlares":true,"showImageEffects":true,"showParticleSystems":true},"in2DMode":false,"pivot":{"x":40.79987335205078,"y":6.150169372558594,"z":69.38955688476563},"rotation":{"x":-0.07530041038990021,"y":-0.6352844834327698,"z":0.061732951551675799,"w":-0.7664865255355835},"size":2.508875846862793,"orthographic":false}