{"cameraMode":{"drawMode":0,"name":"Shaded","section":"Shading Mode"},"sceneLighting":true,"audioPlay":false,"sceneViewState":{"showFog":true,"showMaterialUpdate":false,"showSkybox":true,"showFlares":true,"showImageEffects":true,"showParticleSystems":true},"in2DMode":false,"pivot":{"x":80.00872802734375,"y":-40.8046875,"z":87.96746826171875},"rotation":{"x":0.5152561664581299,"y":0.4387708306312561,"z":-0.34761738777160647,"w":0.6494015455245972},"size":244.45350646972657,"orthographic":false}