{"cameraMode":{"drawMode":0,"name":"Shaded","section":"Shading Mode"},"sceneLighting":true,"audioPlay":false,"sceneViewState":{"showFog":true,"showMaterialUpdate":false,"showSkybox":true,"showFlares":true,"showImageEffects":true,"showParticleSystems":true},"in2DMode":false,"pivot":{"x":-13.230011940002442,"y":1.17954421043396,"z":74.82715606689453},"rotation":{"x":0.227132648229599,"y":-0.19563785195350648,"z":0.04663354158401489,"w":0.9528706669807434},"size":8.20190143585205,"orthographic":false}