{"cameraMode":{"drawMode":0,"name":"Shaded","section":"Shading Mode"},"sceneLighting":true,"audioPlay":false,"sceneViewState":{"showFog":true,"showMaterialUpdate":false,"showSkybox":true,"showFlares":true,"showImageEffects":true,"showParticleSystems":true},"in2DMode":false,"pivot":{"x":-19.531551361083986,"y":6.3784499168396,"z":72.21334838867188},"rotation":{"x":-0.059824418276548389,"y":-0.7072905898094177,"z":-0.0605236254632473,"w":0.7018717527389526},"size":16.964685440063478,"orthographic":false}