{"cameraMode":{"drawMode":0,"name":"Shaded","section":"Shading Mode"},"sceneLighting":true,"audioPlay":false,"sceneViewState":{"showFog":true,"showMaterialUpdate":false,"showSkybox":true,"showFlares":true,"showImageEffects":true,"showParticleSystems":true},"in2DMode":false,"pivot":{"x":199.52015686035157,"y":21.600112915039064,"z":77.82377624511719},"rotation":{"x":0.01642356440424919,"y":-0.979764997959137,"z":0.17800705134868623,"w":0.09113460779190064},"size":15.221227645874024,"orthographic":true}