{"cameraMode":{"drawMode":0,"name":"Shaded","section":"Shading Mode"},"sceneLighting":true,"audioPlay":false,"sceneViewState":{"showFog":true,"showMaterialUpdate":false,"showSkybox":true,"showFlares":true,"showImageEffects":true,"showParticleSystems":true},"in2DMode":false,"pivot":{"x":59.687984466552737,"y":-1.2361350059509278,"z":125.51409912109375},"rotation":{"x":0.11810754239559174,"y":-0.6154218912124634,"z":0.09395648539066315,"w":0.7736150622367859},"size":15.64430046081543,"orthographic":false}