{"cameraMode":{"drawMode":0,"name":"Shaded","section":"Shading Mode"},"sceneLighting":true,"audioPlay":false,"sceneViewState":{"showFog":true,"showMaterialUpdate":false,"showSkybox":true,"showFlares":true,"showImageEffects":true,"showParticleSystems":true},"in2DMode":false,"pivot":{"x":-11.922350883483887,"y":9.349638938903809,"z":74.97821044921875},"rotation":{"x":0.1264883130788803,"y":0.6239874958992004,"z":-0.1034158244729042,"w":0.7643312811851502},"size":4.009756088256836,"orthographic":false}