{"cameraMode":{"drawMode":0,"name":"Shaded","section":"Shading Mode"},"sceneLighting":true,"audioPlay":false,"sceneViewState":{"showFog":true,"showMaterialUpdate":false,"showSkybox":true,"showFlares":true,"showImageEffects":true,"showParticleSystems":true},"in2DMode":false,"pivot":{"x":296.2237854003906,"y":-35.587642669677737,"z":36.82054138183594},"rotation":{"x":0.2777473032474518,"y":0.6739809513092041,"z":-0.3056088387966156,"w":0.612572431564331},"size":53.42061233520508,"orthographic":false}