{"cameraMode":{"drawMode":0,"name":"Shaded","section":"Shading Mode"},"sceneLighting":true,"audioPlay":false,"sceneViewState":{"showFog":true,"showMaterialUpdate":false,"showSkybox":true,"showFlares":true,"showImageEffects":true,"showParticleSystems":true},"in2DMode":false,"pivot":{"x":53.09956359863281,"y":3.029207229614258,"z":73.66922760009766},"rotation":{"x":-0.06862776726484299,"y":-0.7762007713317871,"z":0.0858171135187149,"w":-0.6209213733673096},"size":22.730852127075197,"orthographic":true}