{"cameraMode":{"drawMode":0,"name":"Shaded","section":"Shading Mode"},"sceneLighting":true,"audioPlay":false,"sceneViewState":{"showFog":true,"showMaterialUpdate":false,"showSkybox":true,"showFlares":true,"showImageEffects":true,"showParticleSystems":true},"in2DMode":false,"pivot":{"x":276.9054870605469,"y":15.492789268493653,"z":29.64363670349121},"rotation":{"x":-0.02981196902692318,"y":0.9701165556907654,"z":-0.1633569598197937,"w":-0.17748041450977326},"size":49.87681579589844,"orthographic":false}